"No.","Time","Source","Destination","Protocol","Length","Info"
"1","0.000000","169.254.11.144","239.255.255.250","SSDP","216","M-SEARCH * HTTP/1.1 "
"2","0.000124","10.10.62.44","239.255.255.250","SSDP","216","M-SEARCH * HTTP/1.1 "
"3","1.000431","169.254.11.144","239.255.255.250","SSDP","216","M-SEARCH * HTTP/1.1 "
"4","1.000585","10.10.62.44","239.255.255.250","SSDP","216","M-SEARCH * HTTP/1.1 "
"5","2.001075","169.254.11.144","239.255.255.250","SSDP","216","M-SEARCH * HTTP/1.1 "
"6","2.001215","10.10.62.44","239.255.255.250","SSDP","216","M-SEARCH * HTTP/1.1 "
"7","3.001862","169.254.11.144","239.255.255.250","SSDP","216","M-SEARCH * HTTP/1.1 "
"8","3.001966","10.10.62.44","239.255.255.250","SSDP","216","M-SEARCH * HTTP/1.1 "
"9","7.355253","169.254.11.144","169.254.255.255","BROWSER","243","Local Master Announcement HP, Workstation, Server, SQL Server, NT Workstation, Potential Browser, Master Browser"
"10","7.355470","10.10.62.44","10.10.63.255","BROWSER","243","Host Announcement HP, Workstation, Server, SQL Server, NT Workstation, Potential Browser"
"11","11.422323","10.10.62.44","239.255.255.250","IGMPv2","46","Membership Report group 239.255.255.250"
"12","46.083371","169.254.11.144","169.254.255.255","BROWSER","245","Domain/Workgroup Announcement WORKGROUP, NT Workstation, Domain Enum"
"13","120.004045","169.254.11.144","239.255.255.250","SSDP","216","M-SEARCH * HTTP/1.1 "
"14","120.004172","10.10.62.44","239.255.255.250","SSDP","216","M-SEARCH * HTTP/1.1 "
"15","121.005168","169.254.11.144","239.255.255.250","SSDP","216","M-SEARCH * HTTP/1.1 "
"16","121.005272","10.10.62.44","239.255.255.250","SSDP","216","M-SEARCH * HTTP/1.1 "
"17","122.006612","169.254.11.144","239.255.255.250","SSDP","216","M-SEARCH * HTTP/1.1 "
"18","122.006732","10.10.62.44","239.255.255.250","SSDP","216","M-SEARCH * HTTP/1.1 "
"19","123.008024","169.254.11.144","239.255.255.250","SSDP","216","M-SEARCH * HTTP/1.1 "
"20","123.008120","10.10.62.44","239.255.255.250","SSDP","216","M-SEARCH * HTTP/1.1 "
"21","176.974022","0.0.0.0","255.255.255.255","DHCP","342","DHCP Discover - Transaction ID 0x76c00ca9"
"22","176.974240","0.0.0.0","255.255.255.255","DHCP","342","DHCP Discover - Transaction ID 0x76c00ca9"
"23","181.913706","0.0.0.0","255.255.255.255","DHCP","342","DHCP Discover - Transaction ID 0x76c00ca9"
"24","181.913829","0.0.0.0","255.255.255.255","DHCP","342","DHCP Discover - Transaction ID 0x76c00ca9"
"25","186.841539","0.0.0.0","255.255.255.255","DHCP","342","DHCP Discover - Transaction ID 0x76c00ca9"
"26","186.841653","0.0.0.0","255.255.255.255","DHCP","342","DHCP Discover - Transaction ID 0x76c00ca9"
"27","195.092435","0.0.0.0","255.255.255.255","DHCP","342","DHCP Discover - Transaction ID 0x76c00ca9"
"28","195.092576","0.0.0.0","255.255.255.255","DHCP","342","DHCP Discover - Transaction ID 0x76c00ca9"
"29","210.925704","0.0.0.0","255.255.255.255","DHCP","342","DHCP Discover - Transaction ID 0x76c00ca9"
"30","210.925818","0.0.0.0","255.255.255.255","DHCP","342","DHCP Discover - Transaction ID 0x76c00ca9"
"31","240.002254","169.254.11.144","239.255.255.250","SSDP","216","M-SEARCH * HTTP/1.1 "
"32","240.002464","169.254.11.144","239.255.255.250","SSDP","216","M-SEARCH * HTTP/1.1 "
"33","240.002604","10.10.62.44","239.255.255.250","SSDP","216","M-SEARCH * HTTP/1.1 "
"34","241.004140","169.254.11.144","239.255.255.250","SSDP","216","M-SEARCH * HTTP/1.1 "
"35","241.004259","169.254.11.144","239.255.255.250","SSDP","216","M-SEARCH * HTTP/1.1 "
"36","241.004355","10.10.62.44","239.255.255.250","SSDP","216","M-SEARCH * HTTP/1.1 "
"37","242.005577","169.254.11.144","239.255.255.250","SSDP","216","M-SEARCH * HTTP/1.1 "
"38","242.005689","169.254.11.144","239.255.255.250","SSDP","216","M-SEARCH * HTTP/1.1 "
"39","242.005781","10.10.62.44","239.255.255.250","SSDP","216","M-SEARCH * HTTP/1.1 "
"40","243.007005","169.254.11.144","239.255.255.250","SSDP","216","M-SEARCH * HTTP/1.1 "
"41","243.007113","169.254.11.144","239.255.255.250","SSDP","216","M-SEARCH * HTTP/1.1 "
"42","243.007205","10.10.62.44","239.255.255.250","SSDP","216","M-SEARCH * HTTP/1.1 "
"43","243.913608","0.0.0.0","255.255.255.255","DHCP","342","DHCP Discover - Transaction ID 0x2e95111"
"44","243.913733","0.0.0.0","255.255.255.255","DHCP","342","DHCP Discover - Transaction ID 0x2e95111"
"45","243.933817","169.254.11.144","239.255.255.250","SSDP","179","M-SEARCH * HTTP/1.1 "
"46","243.933933","169.254.11.144","239.255.255.250","SSDP","179","M-SEARCH * HTTP/1.1 "
"47","243.934096","10.10.62.44","239.255.255.250","SSDP","179","M-SEARCH * HTTP/1.1 "
"48","243.934259","127.0.0.1","239.255.255.250","SSDP","179","M-SEARCH * HTTP/1.1 "
"49","246.934749","169.254.11.144","239.255.255.250","SSDP","179","M-SEARCH * HTTP/1.1 "
"50","246.934857","169.254.11.144","239.255.255.250","SSDP","179","M-SEARCH * HTTP/1.1 "
"51","246.934947","10.10.62.44","239.255.255.250","SSDP","179","M-SEARCH * HTTP/1.1 "
"52","246.935026","127.0.0.1","239.255.255.250","SSDP","179","M-SEARCH * HTTP/1.1 "
"53","247.917200","0.0.0.0","255.255.255.255","DHCP","342","DHCP Discover - Transaction ID 0x2e95111"
"54","247.917317","0.0.0.0","255.255.255.255","DHCP","342","DHCP Discover - Transaction ID 0x2e95111"
"55","249.935022","169.254.11.144","239.255.255.250","SSDP","179","M-SEARCH * HTTP/1.1 "
"56","249.935145","169.254.11.144","239.255.255.250","SSDP","179","M-SEARCH * HTTP/1.1 "
"57","249.935252","10.10.62.44","239.255.255.250","SSDP","179","M-SEARCH * HTTP/1.1 "
"58","249.935352","127.0.0.1","239.255.255.250","SSDP","179","M-SEARCH * HTTP/1.1 "
"59","252.949759","169.254.11.144","239.255.255.250","SSDP","179","M-SEARCH * HTTP/1.1 "
"60","252.949891","169.254.11.144","239.255.255.250","SSDP","179","M-SEARCH * HTTP/1.1 "
"61","252.950077","10.10.62.44","239.255.255.250","SSDP","179","M-SEARCH * HTTP/1.1 "
"62","252.950181","127.0.0.1","239.255.255.250","SSDP","179","M-SEARCH * HTTP/1.1 "
"63","255.950577","169.254.11.144","239.255.255.250","SSDP","179","M-SEARCH * HTTP/1.1 "
"64","255.950703","169.254.11.144","239.255.255.250","SSDP","179","M-SEARCH * HTTP/1.1 "
"65","255.950813","10.10.62.44","239.255.255.250","SSDP","179","M-SEARCH * HTTP/1.1 "
"66","255.950912","127.0.0.1","239.255.255.250","SSDP","179","M-SEARCH * HTTP/1.1 "
"67","256.591196","0.0.0.0","255.255.255.255","DHCP","342","DHCP Discover - Transaction ID 0x2e95111"
"68","256.591292","0.0.0.0","255.255.255.255","DHCP","342","DHCP Discover - Transaction ID 0x2e95111"
"69","258.950854","169.254.11.144","239.255.255.250","SSDP","179","M-SEARCH * HTTP/1.1 "
"70","258.950976","169.254.11.144","239.255.255.250","SSDP","179","M-SEARCH * HTTP/1.1 "
"71","258.951066","10.10.62.44","239.255.255.250","SSDP","179","M-SEARCH * HTTP/1.1 "
"72","258.951144","127.0.0.1","239.255.255.250","SSDP","179","M-SEARCH * HTTP/1.1 "
"73","271.839451","0.0.0.0","255.255.255.255","DHCP","342","DHCP Discover - Transaction ID 0x2e95111"
"74","271.839560","0.0.0.0","255.255.255.255","DHCP","342","DHCP Discover - Transaction ID 0x2e95111"
"75","304.734208","169.254.11.144","239.255.255.250","SSDP","179","M-SEARCH * HTTP/1.1 "
"76","304.734325","10.10.62.44","239.255.255.250","SSDP","179","M-SEARCH * HTTP/1.1 "
"77","304.734437","127.0.0.1","239.255.255.250","SSDP","179","M-SEARCH * HTTP/1.1 "
"78","307.734816","169.254.11.144","239.255.255.250","SSDP","179","M-SEARCH * HTTP/1.1 "
"79","307.734896","10.10.62.44","239.255.255.250","SSDP","179","M-SEARCH * HTTP/1.1 "
"80","307.734961","127.0.0.1","239.255.255.250","SSDP","179","M-SEARCH * HTTP/1.1 "
"81","310.735096","169.254.11.144","239.255.255.250","SSDP","179","M-SEARCH * HTTP/1.1 "
"82","310.735189","10.10.62.44","239.255.255.250","SSDP","179","M-SEARCH * HTTP/1.1 "
"83","310.735282","127.0.0.1","239.255.255.250","SSDP","179","M-SEARCH * HTTP/1.1 "
"84","313.749660","169.254.11.144","239.255.255.250","SSDP","179","M-SEARCH * HTTP/1.1 "
"85","313.749755","10.10.62.44","239.255.255.250","SSDP","179","M-SEARCH * HTTP/1.1 "
"86","313.749847","127.0.0.1","239.255.255.250","SSDP","179","M-SEARCH * HTTP/1.1 "
"87","316.749645","169.254.11.144","239.255.255.250","SSDP","179","M-SEARCH * HTTP/1.1 "
"88","316.749751","10.10.62.44","239.255.255.250","SSDP","179","M-SEARCH * HTTP/1.1 "
"89","316.749853","127.0.0.1","239.255.255.250","SSDP","179","M-SEARCH * HTTP/1.1 "
"90","319.749919","169.254.11.144","239.255.255.250","SSDP","179","M-SEARCH * HTTP/1.1 "
"91","319.750020","10.10.62.44","239.255.255.250","SSDP","179","M-SEARCH * HTTP/1.1 "
"92","319.750119","127.0.0.1","239.255.255.250","SSDP","179","M-SEARCH * HTTP/1.1 "
"93","326.922779","10.10.62.44","224.0.0.252","IGMPv2","46","Membership Report group 224.0.0.252"
"94","360.003719","169.254.11.144","239.255.255.250","SSDP","216","M-SEARCH * HTTP/1.1 "
"95","360.003854","10.10.62.44","239.255.255.250","SSDP","216","M-SEARCH * HTTP/1.1 "
"96","361.004213","169.254.11.144","239.255.255.250","SSDP","216","M-SEARCH * HTTP/1.1 "
"97","361.004323","10.10.62.44","239.255.255.250","SSDP","216","M-SEARCH * HTTP/1.1 "
"98","362.004636","169.254.11.144","239.255.255.250","SSDP","216","M-SEARCH * HTTP/1.1 "
"99","362.004745","10.10.62.44","239.255.255.250","SSDP","216","M-SEARCH * HTTP/1.1 "
"100","363.006065","169.254.11.144","239.255.255.250","SSDP","216","M-SEARCH * HTTP/1.1 "
"101","363.006179","10.10.62.44","239.255.255.250","SSDP","216","M-SEARCH * HTTP/1.1 "
"102","393.596079","169.254.11.144","224.0.0.251","MDNS","83","Standard query 0x0000 PTR _sleep-proxy._udp.local, ""QM"" question"
"103","451.922629","10.10.62.44","224.0.0.252","IGMPv2","46","Membership Report group 224.0.0.252"
"104","480.004926","169.254.11.144","239.255.255.250","SSDP","216","M-SEARCH * HTTP/1.1 "
"105","480.005036","10.10.62.44","239.255.255.250","SSDP","216","M-SEARCH * HTTP/1.1 "
"106","481.005473","169.254.11.144","239.255.255.250","SSDP","216","M-SEARCH * HTTP/1.1 "
"107","481.005571","10.10.62.44","239.255.255.250","SSDP","216","M-SEARCH * HTTP/1.1 "
"108","482.006403","169.254.11.144","239.255.255.250","SSDP","216","M-SEARCH * HTTP/1.1 "
"109","482.006518","10.10.62.44","239.255.255.250","SSDP","216","M-SEARCH * HTTP/1.1 "
"110","483.007781","169.254.11.144","239.255.255.250","SSDP","216","M-SEARCH * HTTP/1.1 "
"111","483.007856","10.10.62.44","239.255.255.250","SSDP","216","M-SEARCH * HTTP/1.1 "
"112","517.782082","::1","::1","TCP","86","11913  >  445 [SYN] Seq=0 Win=64800 Len=0 MSS=65475 WS=256 SACK_PERM=1"
"113","517.782211","::1","::1","TCP","86","445  >  11913 [SYN, ACK] Seq=0 Ack=1 Win=65535 Len=0 MSS=65475 WS=256 SACK_PERM=1"
"114","517.782311","::1","::1","TCP","74","11913  >  445 [ACK] Seq=1 Ack=1 Win=529920 Len=0"
"115","517.806539","::1","::1","SMB","147","Negotiate Protocol Request"
"116","517.806588","::1","::1","TCP","74","445  >  11913 [ACK] Seq=1 Ack=74 Win=529920 Len=0"
"117","517.835906","::1","::1","SMB2","526","Negotiate Protocol Response"
"118","517.835947","::1","::1","TCP","74","11913  >  445 [ACK] Seq=74 Ack=453 Win=529408 Len=0"
"119","517.835988","::1","::1","SMB2","252","Negotiate Protocol Request"
"120","517.836013","::1","::1","TCP","74","445  >  11913 [ACK] Seq=453 Ack=252 Win=529664 Len=0"
"121","517.861002","::1","::1","SMB2","586","Negotiate Protocol Response"
"122","517.861054","::1","::1","TCP","74","11913  >  445 [ACK] Seq=252 Ack=965 Win=528896 Len=0"
"123","517.883361","::1","::1","SMB2","285","Session Setup Request, NTLMSSP_NEGOTIATE"
"124","517.883402","::1","::1","TCP","74","445  >  11913 [ACK] Seq=965 Ack=463 Win=529408 Len=0"
"125","517.913145","::1","::1","SMB2","287","Session Setup Response, Error: STATUS_MORE_PROCESSING_REQUIRED, NTLMSSP_CHALLENGE"
"126","517.913210","::1","::1","TCP","74","11913  >  445 [ACK] Seq=463 Ack=1178 Win=528640 Len=0"
"127","517.913708","::1","::1","SMB2","287","Session Setup Request, NTLMSSP_AUTH, User: \\"
"128","517.913754","::1","::1","TCP","74","445  >  11913 [ACK] Seq=1178 Ack=676 Win=529152 Len=0"
"129","517.931178","::1","::1","SMB2","179","Session Setup Response"
"130","517.931232","::1","::1","TCP","74","11913  >  445 [ACK] Seq=676 Ack=1283 Win=528384 Len=0"
"131","517.931554","::1","::1","SMB2","182","Tree Connect Request Tree: \\\\localhost\\IPC$"
"132","517.931581","::1","::1","TCP","74","445  >  11913 [ACK] Seq=1283 Ack=784 Win=529152 Len=0"
"133","517.938766","::1","::1","SMB2","158","Tree Connect Response"
"134","517.938816","::1","::1","TCP","74","11913  >  445 [ACK] Seq=784 Ack=1367 Win=528384 Len=0"
"135","517.940197","::1","::1","SMB2","228","Ioctl Request FSCTL_DFS_GET_REFERRALS, File: \\localhost\\C$"
"136","517.940237","::1","::1","TCP","74","445  >  11913 [ACK] Seq=1367 Ack=938 Win=528896 Len=0"
"137","517.940622","::1","::1","SMB2","150","Ioctl Response, Error: STATUS_FS_DRIVER_REQUIRED"
"138","517.940660","::1","::1","TCP","74","11913  >  445 [ACK] Seq=938 Ack=1443 Win=529920 Len=0"
"139","517.940902","::1","::1","SMB2","178","Tree Connect Request Tree: \\\\localhost\\C$"
"140","517.940946","::1","::1","TCP","74","445  >  11913 [ACK] Seq=1443 Ack=1042 Win=528896 Len=0"
"141","517.942291","::1","::1","SMB2","158","Tree Connect Response"
"142","517.942337","::1","::1","TCP","74","11913  >  445 [ACK] Seq=1042 Ack=1527 Win=529664 Len=0"
"143","517.942813","::1","::1","SMB2","342","Create Request File: Users\\Diya\\Downloads"
"144","517.942842","::1","::1","TCP","74","445  >  11913 [ACK] Seq=1527 Ack=1310 Win=528640 Len=0"
"145","517.992015","::1","::1","SMB2","318","Create Response File: Users\\Diya\\Downloads"
"146","517.992067","::1","::1","TCP","74","11913  >  445 [ACK] Seq=1310 Ack=1771 Win=529408 Len=0"
"147","517.992188","::1","::1","SMB2","182","GetInfo Request FILE_INFO/SMB2_FILE_STANDARD_INFO File: Users\\Diya\\Downloads"
"148","517.992221","::1","::1","TCP","74","445  >  11913 [ACK] Seq=1771 Ack=1418 Win=528384 Len=0"
"149","517.992288","::1","::1","SMB2","174","GetInfo Response"
"150","517.992319","::1","::1","TCP","74","11913  >  445 [ACK] Seq=1418 Ack=1871 Win=529408 Len=0"
"151","517.992374","::1","::1","SMB2","182","GetInfo Request FILE_INFO/SMB2_FILE_BASIC_INFO File: Users\\Diya\\Downloads"
"152","517.992415","::1","::1","TCP","74","445  >  11913 [ACK] Seq=1871 Ack=1526 Win=529920 Len=0"
"153","517.992483","::1","::1","SMB2","190","GetInfo Response"
"154","517.992515","::1","::1","TCP","74","11913  >  445 [ACK] Seq=1526 Ack=1987 Win=529152 Len=0"
"155","517.992575","::1","::1","SMB2","198","Ioctl Request FSCTL_SRV_ENUMERATE_SNAPSHOTS File: Users\\Diya\\Downloads"
"156","517.992610","::1","::1","TCP","74","445  >  11913 [ACK] Seq=1987 Ack=1650 Win=529664 Len=0"
"157","517.992807","::1","::1","SMB2","206","Ioctl Response FSCTL_SRV_ENUMERATE_SNAPSHOTS File: Users\\Diya\\Downloads"
"158","517.992839","::1","::1","TCP","74","11913  >  445 [ACK] Seq=1650 Ack=2119 Win=529152 Len=0"
"159","517.992899","::1","::1","SMB2","166","Close Request File: Users\\Diya\\Downloads"
"160","517.992928","::1","::1","TCP","74","445  >  11913 [ACK] Seq=2119 Ack=1742 Win=529664 Len=0"
"161","517.992969","::1","::1","SMB2","202","Close Response"
"162","517.992999","::1","::1","TCP","74","11913  >  445 [ACK] Seq=1742 Ack=2247 Win=528896 Len=0"
"163","517.993174","::1","::1","SMB2","286","Create Request File: Users\\Diya\\Downloads"
"164","517.993205","::1","::1","TCP","74","445  >  11913 [ACK] Seq=2247 Ack=1954 Win=529408 Len=0"
"165","517.993253","::1","::1","SMB2","150","Create Response, Error: STATUS_FILE_IS_A_DIRECTORY"
"166","517.993283","::1","::1","TCP","74","11913  >  445 [ACK] Seq=1954 Ack=2323 Win=528896 Len=0"
"167","517.993384","::1","::1","SMB2","286","Create Request File: Users\\Diya\\Downloads"
"168","517.993413","::1","::1","TCP","74","445  >  11913 [ACK] Seq=2323 Ack=2166 Win=529152 Len=0"
"169","517.993508","::1","::1","SMB2","318","Create Response File: Users\\Diya\\Downloads"
"170","517.993538","::1","::1","TCP","74","11913  >  445 [ACK] Seq=2166 Ack=2567 Win=528640 Len=0"
"171","517.993584","::1","::1","SMB2","182","GetInfo Request FILE_INFO/SMB2_FILE_STANDARD_INFO File: Users\\Diya\\Downloads"
"172","517.993615","::1","::1","TCP","74","445  >  11913 [ACK] Seq=2567 Ack=2274 Win=529152 Len=0"
"173","517.993634","::1","::1","SMB2","174","GetInfo Response"
"174","517.993664","::1","::1","TCP","74","11913  >  445 [ACK] Seq=2274 Ack=2667 Win=528640 Len=0"
"175","517.993733","::1","::1","SMB2","166","Close Request File: Users\\Diya\\Downloads"
"176","517.993764","::1","::1","TCP","74","445  >  11913 [ACK] Seq=2667 Ack=2366 Win=528896 Len=0"
"177","517.993796","::1","::1","SMB2","202","Close Response"
"178","517.993820","::1","::1","TCP","74","11913  >  445 [ACK] Seq=2366 Ack=2795 Win=528384 Len=0"
"179","517.993931","::1","::1","SMB2","286","Create Request File: Users\\Diya\\Downloads"
"180","517.993960","::1","::1","TCP","74","445  >  11913 [ACK] Seq=2795 Ack=2578 Win=528640 Len=0"
"181","517.994060","::1","::1","SMB2","318","Create Response File: Users\\Diya\\Downloads"
"182","517.994091","::1","::1","TCP","74","11913  >  445 [ACK] Seq=2578 Ack=3039 Win=529920 Len=0"
"183","517.994135","::1","::1","SMB2","182","GetInfo Request FILE_INFO/SMB2_FILE_STANDARD_INFO File: Users\\Diya\\Downloads"
"184","517.994169","::1","::1","TCP","74","445  >  11913 [ACK] Seq=3039 Ack=2686 Win=528640 Len=0"
"185","517.994201","::1","::1","SMB2","174","GetInfo Response"
"186","517.994232","::1","::1","TCP","74","11913  >  445 [ACK] Seq=2686 Ack=3139 Win=529664 Len=0"
"187","517.994300","::1","::1","SMB2","166","Close Request File: Users\\Diya\\Downloads"
"188","517.994329","::1","::1","TCP","74","445  >  11913 [ACK] Seq=3139 Ack=2778 Win=528640 Len=0"
"189","517.994369","::1","::1","SMB2","202","Close Response"
"190","517.994395","::1","::1","TCP","74","11913  >  445 [ACK] Seq=2778 Ack=3267 Win=529664 Len=0"
"191","517.994511","::1","::1","SMB2","286","Create Request File: Users\\Diya\\Downloads"
"192","517.994542","::1","::1","TCP","74","445  >  11913 [ACK] Seq=3267 Ack=2990 Win=529920 Len=0"
"193","517.994639","::1","::1","SMB2","318","Create Response File: Users\\Diya\\Downloads"
"194","517.994665","::1","::1","TCP","74","11913  >  445 [ACK] Seq=2990 Ack=3511 Win=529408 Len=0"
"195","517.994719","::1","::1","SMB2","182","GetInfo Request FILE_INFO/SMB2_FILE_STANDARD_INFO File: Users\\Diya\\Downloads"
"196","517.994743","::1","::1","TCP","74","445  >  11913 [ACK] Seq=3511 Ack=3098 Win=529664 Len=0"
"197","517.994777","::1","::1","SMB2","174","GetInfo Response"
"198","517.994803","::1","::1","TCP","74","11913  >  445 [ACK] Seq=3098 Ack=3611 Win=529152 Len=0"
"199","517.994880","::1","::1","SMB2","166","Close Request File: Users\\Diya\\Downloads"
"200","517.994910","::1","::1","TCP","74","445  >  11913 [ACK] Seq=3611 Ack=3190 Win=529664 Len=0"
"201","517.994955","::1","::1","SMB2","202","Close Response"
"202","517.994980","::1","::1","TCP","74","11913  >  445 [ACK] Seq=3190 Ack=3739 Win=529152 Len=0"
"203","517.995125","::1","::1","SMB2","270","Create Request File: Users\\Diya"
"204","517.995155","::1","::1","TCP","74","445  >  11913 [ACK] Seq=3739 Ack=3386 Win=529408 Len=0"
"205","517.995209","::1","::1","SMB2","150","Create Response, Error: STATUS_FILE_IS_A_DIRECTORY"
"206","517.995233","::1","::1","TCP","74","11913  >  445 [ACK] Seq=3386 Ack=3815 Win=528896 Len=0"
"207","517.995348","::1","::1","SMB2","270","Create Request File: Users\\Diya"
"208","517.995377","::1","::1","TCP","74","445  >  11913 [ACK] Seq=3815 Ack=3582 Win=529152 Len=0"
"209","517.995475","::1","::1","SMB2","318","Create Response File: Users\\Diya"
"210","517.995500","::1","::1","TCP","74","11913  >  445 [ACK] Seq=3582 Ack=4059 Win=528896 Len=0"
"211","517.995546","::1","::1","SMB2","182","GetInfo Request FILE_INFO/SMB2_FILE_STANDARD_INFO File: Users\\Diya"
"212","517.995569","::1","::1","TCP","74","445  >  11913 [ACK] Seq=4059 Ack=3690 Win=529152 Len=0"
"213","517.995588","::1","::1","SMB2","174","GetInfo Response"
"214","517.995615","::1","::1","TCP","74","11913  >  445 [ACK] Seq=3690 Ack=4159 Win=528640 Len=0"
"215","517.995689","::1","::1","SMB2","166","Close Request File: Users\\Diya"
"216","517.995719","::1","::1","TCP","74","445  >  11913 [ACK] Seq=4159 Ack=3782 Win=528896 Len=0"
"217","517.995760","::1","::1","SMB2","202","Close Response"
"218","517.995784","::1","::1","TCP","74","11913  >  445 [ACK] Seq=3782 Ack=4287 Win=528640 Len=0"
"219","517.995917","::1","::1","SMB2","270","Create Request File: Users\\Diya"
"220","517.995946","::1","::1","TCP","74","445  >  11913 [ACK] Seq=4287 Ack=3978 Win=528896 Len=0"
"221","517.996038","::1","::1","SMB2","318","Create Response File: Users\\Diya"
"222","517.996063","::1","::1","TCP","74","11913  >  445 [ACK] Seq=3978 Ack=4531 Win=529920 Len=0"
"223","517.996120","::1","::1","SMB2","182","GetInfo Request FILE_INFO/SMB2_FILE_STANDARD_INFO File: Users\\Diya"
"224","517.996143","::1","::1","TCP","74","445  >  11913 [ACK] Seq=4531 Ack=4086 Win=528640 Len=0"
"225","517.996161","::1","::1","SMB2","174","GetInfo Response"
"226","517.996183","::1","::1","TCP","74","11913  >  445 [ACK] Seq=4086 Ack=4631 Win=529664 Len=0"
"227","517.996253","::1","::1","SMB2","166","Close Request File: Users\\Diya"
"228","517.996282","::1","::1","TCP","74","445  >  11913 [ACK] Seq=4631 Ack=4178 Win=528640 Len=0"
"229","517.996323","::1","::1","SMB2","202","Close Response"
"230","517.996347","::1","::1","TCP","74","11913  >  445 [ACK] Seq=4178 Ack=4759 Win=529664 Len=0"
"231","517.996454","::1","::1","SMB2","270","Create Request File: Users\\Diya"
"232","517.996483","::1","::1","TCP","74","445  >  11913 [ACK] Seq=4759 Ack=4374 Win=528384 Len=0"
"233","517.996575","::1","::1","SMB2","318","Create Response File: Users\\Diya"
"234","517.996604","::1","::1","TCP","74","11913  >  445 [ACK] Seq=4374 Ack=5003 Win=529408 Len=0"
"235","517.996646","::1","::1","SMB2","182","GetInfo Request FILE_INFO/SMB2_FILE_STANDARD_INFO File: Users\\Diya"
"236","517.996677","::1","::1","TCP","74","445  >  11913 [ACK] Seq=5003 Ack=4482 Win=529920 Len=0"
"237","517.996697","::1","::1","SMB2","174","GetInfo Response"
"238","517.996716","::1","::1","TCP","74","11913  >  445 [ACK] Seq=4482 Ack=5103 Win=529152 Len=0"
"239","517.996787","::1","::1","SMB2","166","Close Request File: Users\\Diya"
"240","517.996816","::1","::1","TCP","74","445  >  11913 [ACK] Seq=5103 Ack=4574 Win=529664 Len=0"
"241","517.996857","::1","::1","SMB2","202","Close Response"
"242","517.996881","::1","::1","TCP","74","11913  >  445 [ACK] Seq=4574 Ack=5231 Win=529152 Len=0"
"243","517.996995","::1","::1","SMB2","262","Create Request File: Users"
"244","517.997024","::1","::1","TCP","74","445  >  11913 [ACK] Seq=5231 Ack=4762 Win=529408 Len=0"
"245","517.997069","::1","::1","SMB2","150","Create Response, Error: STATUS_FILE_IS_A_DIRECTORY"
"246","517.997093","::1","::1","TCP","74","11913  >  445 [ACK] Seq=4762 Ack=5307 Win=528896 Len=0"
"247","517.997193","::1","::1","SMB2","262","Create Request File: Users"
"248","517.997223","::1","::1","TCP","74","445  >  11913 [ACK] Seq=5307 Ack=4950 Win=529408 Len=0"
"249","517.997311","::1","::1","SMB2","318","Create Response File: Users"
"250","517.997336","::1","::1","TCP","74","11913  >  445 [ACK] Seq=4950 Ack=5551 Win=528896 Len=0"
"251","517.997381","::1","::1","SMB2","182","GetInfo Request FILE_INFO/SMB2_FILE_STANDARD_INFO File: Users"
"252","517.997404","::1","::1","TCP","74","445  >  11913 [ACK] Seq=5551 Ack=5058 Win=529152 Len=0"
"253","517.997422","::1","::1","SMB2","174","GetInfo Response"
"254","517.997443","::1","::1","TCP","74","11913  >  445 [ACK] Seq=5058 Ack=5651 Win=528640 Len=0"
"255","517.997526","::1","::1","SMB2","166","Close Request File: Users"
"256","517.997556","::1","::1","TCP","74","445  >  11913 [ACK] Seq=5651 Ack=5150 Win=529152 Len=0"
"257","517.997597","::1","::1","SMB2","202","Close Response"
"258","517.997624","::1","::1","TCP","74","11913  >  445 [ACK] Seq=5150 Ack=5779 Win=528640 Len=0"
"259","517.997721","::1","::1","SMB2","262","Create Request File: Users"
"260","517.997751","::1","::1","TCP","74","445  >  11913 [ACK] Seq=5779 Ack=5338 Win=528896 Len=0"
"261","517.997834","::1","::1","SMB2","318","Create Response File: Users"
"262","517.997859","::1","::1","TCP","74","11913  >  445 [ACK] Seq=5338 Ack=6023 Win=529920 Len=0"
"263","517.997904","::1","::1","SMB2","182","GetInfo Request FILE_INFO/SMB2_FILE_STANDARD_INFO File: Users"
"264","517.997927","::1","::1","TCP","74","445  >  11913 [ACK] Seq=6023 Ack=5446 Win=528896 Len=0"
"265","517.997946","::1","::1","SMB2","174","GetInfo Response"
"266","517.997968","::1","::1","TCP","74","11913  >  445 [ACK] Seq=5446 Ack=6123 Win=529664 Len=0"
"267","517.998037","::1","::1","SMB2","166","Close Request File: Users"
"268","517.998067","::1","::1","TCP","74","445  >  11913 [ACK] Seq=6123 Ack=5538 Win=528640 Len=0"
"269","517.998103","::1","::1","SMB2","202","Close Response"
"270","517.998124","::1","::1","TCP","74","11913  >  445 [ACK] Seq=5538 Ack=6251 Win=529664 Len=0"
"271","517.998236","::1","::1","SMB2","262","Create Request File: Users"
"272","517.998267","::1","::1","TCP","74","445  >  11913 [ACK] Seq=6251 Ack=5726 Win=528640 Len=0"
"273","517.998351","::1","::1","SMB2","318","Create Response File: Users"
"274","517.998376","::1","::1","TCP","74","11913  >  445 [ACK] Seq=5726 Ack=6495 Win=529408 Len=0"
"275","517.998423","::1","::1","SMB2","182","GetInfo Request FILE_INFO/SMB2_FILE_STANDARD_INFO File: Users"
"276","517.998446","::1","::1","TCP","74","445  >  11913 [ACK] Seq=6495 Ack=5834 Win=528384 Len=0"
"277","517.998463","::1","::1","SMB2","174","GetInfo Response"
"278","517.998484","::1","::1","TCP","74","11913  >  445 [ACK] Seq=5834 Ack=6595 Win=529152 Len=0"
"279","517.998580","::1","::1","SMB2","166","Close Request File: Users"
"280","517.998610","::1","::1","TCP","74","445  >  11913 [ACK] Seq=6595 Ack=5926 Win=529920 Len=0"
"281","517.998658","::1","::1","SMB2","202","Close Response"
"282","517.998682","::1","::1","TCP","74","11913  >  445 [ACK] Seq=5926 Ack=6723 Win=529152 Len=0"
"283","517.998786","::1","::1","SMB2","254","Create Request File: "
"284","517.998815","::1","::1","TCP","74","445  >  11913 [ACK] Seq=6723 Ack=6106 Win=529664 Len=0"
"285","517.998886","::1","::1","SMB2","150","Create Response, Error: STATUS_FILE_IS_A_DIRECTORY"
"286","517.998911","::1","::1","TCP","74","11913  >  445 [ACK] Seq=6106 Ack=6799 Win=528896 Len=0"
"287","517.999002","::1","::1","SMB2","254","Create Request File: "
"288","517.999031","::1","::1","TCP","74","445  >  11913 [ACK] Seq=6799 Ack=6286 Win=529408 Len=0"
"289","517.999143","::1","::1","SMB2","318","Create Response File: "
"290","517.999167","::1","::1","TCP","74","11913  >  445 [ACK] Seq=6286 Ack=7043 Win=528896 Len=0"
"291","517.999213","::1","::1","SMB2","182","GetInfo Request FILE_INFO/SMB2_FILE_STANDARD_INFO File: "
"292","517.999236","::1","::1","TCP","74","445  >  11913 [ACK] Seq=7043 Ack=6394 Win=529408 Len=0"
"293","517.999255","::1","::1","SMB2","174","GetInfo Response"
"294","517.999276","::1","::1","TCP","74","11913  >  445 [ACK] Seq=6394 Ack=7143 Win=528640 Len=0"
"295","517.999380","::1","::1","SMB2","166","Close Request File: "
"296","517.999409","::1","::1","TCP","74","445  >  11913 [ACK] Seq=7143 Ack=6486 Win=529152 Len=0"
"297","517.999451","::1","::1","SMB2","202","Close Response"
"298","517.999475","::1","::1","TCP","74","11913  >  445 [ACK] Seq=6486 Ack=7271 Win=528640 Len=0"
"299","517.999572","::1","::1","SMB2","254","Create Request File: "
"300","517.999603","::1","::1","TCP","74","445  >  11913 [ACK] Seq=7271 Ack=6666 Win=529152 Len=0"
"301","517.999713","::1","::1","SMB2","318","Create Response File: "
"302","517.999738","::1","::1","TCP","74","11913  >  445 [ACK] Seq=6666 Ack=7515 Win=529920 Len=0"
"303","517.999782","::1","::1","SMB2","182","GetInfo Request FILE_INFO/SMB2_FILE_STANDARD_INFO File: "
"304","517.999804","::1","::1","TCP","74","445  >  11913 [ACK] Seq=7515 Ack=6774 Win=528896 Len=0"
"305","517.999823","::1","::1","SMB2","174","GetInfo Response"
"306","517.999844","::1","::1","TCP","74","11913  >  445 [ACK] Seq=6774 Ack=7615 Win=529664 Len=0"
"307","517.999914","::1","::1","SMB2","166","Close Request File: "
"308","517.999943","::1","::1","TCP","74","445  >  11913 [ACK] Seq=7615 Ack=6866 Win=528896 Len=0"
"309","517.999984","::1","::1","SMB2","202","Close Response"
"310","518.000007","::1","::1","TCP","74","11913  >  445 [ACK] Seq=6866 Ack=7743 Win=529664 Len=0"
"311","518.000103","::1","::1","SMB2","254","Create Request File: "
"312","518.000132","::1","::1","TCP","74","445  >  11913 [ACK] Seq=7743 Ack=7046 Win=528640 Len=0"
"313","518.000235","::1","::1","SMB2","318","Create Response File: "
"314","518.000259","::1","::1","TCP","74","11913  >  445 [ACK] Seq=7046 Ack=7987 Win=529408 Len=0"
"315","518.000303","::1","::1","SMB2","182","GetInfo Request FILE_INFO/SMB2_FILE_STANDARD_INFO File: "
"316","518.000325","::1","::1","TCP","74","445  >  11913 [ACK] Seq=7987 Ack=7154 Win=528640 Len=0"
"317","518.000344","::1","::1","SMB2","174","GetInfo Response"
"318","518.000366","::1","::1","TCP","74","11913  >  445 [ACK] Seq=7154 Ack=8087 Win=529152 Len=0"
"319","518.000450","::1","::1","SMB2","166","Close Request File: "
"320","518.000480","::1","::1","TCP","74","445  >  11913 [ACK] Seq=8087 Ack=7246 Win=528384 Len=0"
"321","518.000520","::1","::1","SMB2","202","Close Response"
"322","518.000544","::1","::1","TCP","74","11913  >  445 [ACK] Seq=7246 Ack=8215 Win=529152 Len=0"
"323","518.000850","::1","::1","SMB2","342","Create Request File: Users\\Diya\\Downloads"
"324","518.000884","::1","::1","TCP","74","445  >  11913 [ACK] Seq=8215 Ack=7514 Win=529920 Len=0"
"325","518.000994","::1","::1","SMB2","318","Create Response File: Users\\Diya\\Downloads"
"326","518.001018","::1","::1","TCP","74","11913  >  445 [ACK] Seq=7514 Ack=8459 Win=528896 Len=0"
"327","518.001065","::1","::1","SMB2","182","GetInfo Request FILE_INFO/SMB2_FILE_STANDARD_INFO File: Users\\Diya\\Downloads"
"328","518.001088","::1","::1","TCP","74","445  >  11913 [ACK] Seq=8459 Ack=7622 Win=529664 Len=0"
"329","518.001107","::1","::1","SMB2","174","GetInfo Response"
"330","518.001128","::1","::1","TCP","74","11913  >  445 [ACK] Seq=7622 Ack=8559 Win=528640 Len=0"
"331","518.001192","::1","::1","SMB2","182","GetInfo Request FILE_INFO/SMB2_FILE_BASIC_INFO File: Users\\Diya\\Downloads"
"332","518.001213","::1","::1","TCP","74","445  >  11913 [ACK] Seq=8559 Ack=7730 Win=529664 Len=0"
"333","518.001232","::1","::1","SMB2","190","GetInfo Response"
"334","518.001253","::1","::1","TCP","74","11913  >  445 [ACK] Seq=7730 Ack=8675 Win=528640 Len=0"
"335","518.001340","::1","::1","SMB2","166","Close Request File: Users\\Diya\\Downloads"
"336","518.001370","::1","::1","TCP","74","445  >  11913 [ACK] Seq=8675 Ack=7822 Win=529408 Len=0"
"337","518.001408","::1","::1","SMB2","202","Close Response"
"338","518.001434","::1","::1","TCP","74","11913  >  445 [ACK] Seq=7822 Ack=8803 Win=528384 Len=0"
"339","518.360269","169.254.11.144","169.254.255.255","NBNS","92","Name query NB HP<1c>"
"340","519.110024","169.254.11.144","169.254.255.255","NBNS","92","Name query NB HP<1c>"
"341","519.863595","169.254.11.144","169.254.255.255","NBNS","92","Name query NB HP<1c>"
"342","520.616374","10.10.62.44","10.10.63.255","NBNS","92","Name query NB HP<1c>"
"343","521.366737","10.10.62.44","10.10.63.255","NBNS","92","Name query NB HP<1c>"
"344","522.117288","10.10.62.44","10.10.63.255","NBNS","92","Name query NB HP<1c>"
"345","528.593609","::1","::1","SMB2","146","Tree Disconnect Request"
"346","528.593647","::1","::1","TCP","74","445  >  11913 [ACK] Seq=8803 Ack=7894 Win=529408 Len=0"
"347","528.593698","::1","::1","SMB2","146","Tree Disconnect Request"
"348","528.593720","::1","::1","TCP","74","445  >  11913 [ACK] Seq=8803 Ack=7966 Win=529408 Len=0"
"349","528.604455","::1","::1","SMB2","146","Tree Disconnect Response"
"350","528.604505","::1","::1","TCP","74","11913  >  445 [ACK] Seq=7966 Ack=8875 Win=528384 Len=0"
"351","528.604541","::1","::1","SMB2","146","Tree Disconnect Response"
"352","528.604565","::1","::1","TCP","74","11913  >  445 [ACK] Seq=7966 Ack=8947 Win=528384 Len=0"
"353","528.604607","::1","::1","SMB2","146","Session Logoff Request"
"354","528.604646","::1","::1","TCP","74","445  >  11913 [ACK] Seq=8947 Ack=8038 Win=529152 Len=0"
"355","528.604681","::1","::1","SMB2","146","Session Logoff Response"
"356","528.604709","::1","::1","TCP","74","11913  >  445 [ACK] Seq=8038 Ack=9019 Win=529920 Len=0"
"357","528.604735","::1","::1","TCP","74","11913  >  445 [RST, ACK] Seq=8038 Ack=9019 Win=0 Len=0"
"358","552.422905","10.10.62.44","239.255.255.250","IGMPv2","46","Membership Report group 239.255.255.250"
"359","566.065113","10.10.62.44","10.10.63.255","BROWSER","227","Browser Election Request"
"360","567.525246","10.10.62.44","10.10.63.255","BROWSER","227","Browser Election Request"
"361","568.306767","10.10.62.44","10.10.63.255","BROWSER","227","Browser Election Request"
"362","579.968795","169.254.11.144","169.254.255.255","BROWSER","243","Local Master Announcement HP, Workstation, Server, SQL Server, NT Workstation, Potential Browser, Master Browser"
"363","579.968960","10.10.62.44","10.10.63.255","BROWSER","243","Host Announcement HP, Workstation, Server, SQL Server, NT Workstation, Potential Browser"
"364","580.036285","169.254.11.144","169.254.255.255","BROWSER","243","Local Master Announcement HP, Workstation, Server, SQL Server, NT Workstation, Potential Browser, Master Browser"
"365","580.036429","10.10.62.44","10.10.63.255","BROWSER","243","Host Announcement HP, Workstation, Server, SQL Server, NT Workstation, Potential Browser"
"366","580.715545","0.0.0.0","255.255.255.255","DHCP","342","DHCP Discover - Transaction ID 0x32fc7e49"
"367","580.715768","0.0.0.0","255.255.255.255","DHCP","342","DHCP Discover - Transaction ID 0x32fc7e49"
"368","585.402034","0.0.0.0","255.255.255.255","DHCP","342","DHCP Discover - Transaction ID 0x32fc7e49"
"369","585.402160","0.0.0.0","255.255.255.255","DHCP","342","DHCP Discover - Transaction ID 0x32fc7e49"
"370","589.401687","0.0.0.0","255.255.255.255","DHCP","342","DHCP Discover - Transaction ID 0x32fc7e49"
"371","589.401806","0.0.0.0","255.255.255.255","DHCP","342","DHCP Discover - Transaction ID 0x32fc7e49"
"372","598.182649","0.0.0.0","255.255.255.255","DHCP","342","DHCP Discover - Transaction ID 0x32fc7e49"
"373","598.182771","0.0.0.0","255.255.255.255","DHCP","342","DHCP Discover - Transaction ID 0x32fc7e49"
"374","600.006476","169.254.11.144","239.255.255.250","SSDP","216","M-SEARCH * HTTP/1.1 "
"375","600.006683","169.254.11.144","239.255.255.250","SSDP","216","M-SEARCH * HTTP/1.1 "
"376","600.006820","10.10.62.44","239.255.255.250","SSDP","216","M-SEARCH * HTTP/1.1 "
"377","601.007975","169.254.11.144","239.255.255.250","SSDP","216","M-SEARCH * HTTP/1.1 "
"378","601.008085","169.254.11.144","239.255.255.250","SSDP","216","M-SEARCH * HTTP/1.1 "
"379","601.008180","10.10.62.44","239.255.255.250","SSDP","216","M-SEARCH * HTTP/1.1 "
"380","602.009418","169.254.11.144","239.255.255.250","SSDP","216","M-SEARCH * HTTP/1.1 "
"381","602.009532","169.254.11.144","239.255.255.250","SSDP","216","M-SEARCH * HTTP/1.1 "
"382","602.009625","10.10.62.44","239.255.255.250","SSDP","216","M-SEARCH * HTTP/1.1 "
"383","603.009846","169.254.11.144","239.255.255.250","SSDP","216","M-SEARCH * HTTP/1.1 "
"384","603.009972","169.254.11.144","239.255.255.250","SSDP","216","M-SEARCH * HTTP/1.1 "
"385","603.010083","10.10.62.44","239.255.255.250","SSDP","216","M-SEARCH * HTTP/1.1 "
"386","613.897619","0.0.0.0","255.255.255.255","DHCP","342","DHCP Discover - Transaction ID 0x32fc7e49"
"387","613.897742","0.0.0.0","255.255.255.255","DHCP","342","DHCP Discover - Transaction ID 0x32fc7e49"
"388","620.473793","10.10.62.44","10.10.63.255","BROWSER","227","Browser Election Request"
"389","621.474213","10.10.62.44","10.10.63.255","BROWSER","227","Browser Election Request"
"390","622.474636","10.10.62.44","10.10.63.255","BROWSER","227","Browser Election Request"
"391","633.877697","169.254.11.144","169.254.255.255","BROWSER","243","Local Master Announcement HP, Workstation, Server, SQL Server, NT Workstation, Potential Browser, Master Browser"
"392","633.877801","169.254.11.144","169.254.255.255","BROWSER","243","Local Master Announcement HP, Workstation, Server, SQL Server, NT Workstation, Potential Browser, Master Browser"
"393","633.878039","10.10.62.44","10.10.63.255","BROWSER","243","Host Announcement HP, Workstation, Server, SQL Server, NT Workstation, Potential Browser"
"394","646.083717","169.254.11.144","169.254.255.255","BROWSER","245","Domain/Workgroup Announcement WORKGROUP, NT Workstation, Domain Enum"
"395","646.083817","169.254.11.144","169.254.255.255","BROWSER","245","Domain/Workgroup Announcement WORKGROUP, NT Workstation, Domain Enum"
"396","646.746954","0.0.0.0","255.255.255.255","DHCP","342","DHCP Discover - Transaction ID 0xcabab530"
"397","646.747078","0.0.0.0","255.255.255.255","DHCP","342","DHCP Discover - Transaction ID 0xcabab530"
"398","646.777804","169.254.11.144","239.255.255.250","SSDP","179","M-SEARCH * HTTP/1.1 "
"399","646.777935","169.254.11.144","239.255.255.250","SSDP","179","M-SEARCH * HTTP/1.1 "
"400","646.778109","10.10.62.44","239.255.255.250","SSDP","179","M-SEARCH * HTTP/1.1 "
"401","646.778312","127.0.0.1","239.255.255.250","SSDP","179","M-SEARCH * HTTP/1.1 "
"402","649.777990","169.254.11.144","239.255.255.250","SSDP","179","M-SEARCH * HTTP/1.1 "
"403","649.778109","169.254.11.144","239.255.255.250","SSDP","179","M-SEARCH * HTTP/1.1 "
"404","649.778205","10.10.62.44","239.255.255.250","SSDP","179","M-SEARCH * HTTP/1.1 "
"405","649.778281","127.0.0.1","239.255.255.250","SSDP","179","M-SEARCH * HTTP/1.1 "
"406","650.176746","0.0.0.0","255.255.255.255","DHCP","342","DHCP Discover - Transaction ID 0xcabab530"
"407","650.176859","0.0.0.0","255.255.255.255","DHCP","342","DHCP Discover - Transaction ID 0xcabab530"
"408","652.778268","169.254.11.144","239.255.255.250","SSDP","179","M-SEARCH * HTTP/1.1 "
"409","652.778409","169.254.11.144","239.255.255.250","SSDP","179","M-SEARCH * HTTP/1.1 "
"410","652.778520","10.10.62.44","239.255.255.250","SSDP","179","M-SEARCH * HTTP/1.1 "
"411","652.778606","127.0.0.1","239.255.255.250","SSDP","179","M-SEARCH * HTTP/1.1 "
"412","655.793174","169.254.11.144","239.255.255.250","SSDP","179","M-SEARCH * HTTP/1.1 "
"413","655.793307","169.254.11.144","239.255.255.250","SSDP","179","M-SEARCH * HTTP/1.1 "
"414","655.793493","10.10.62.44","239.255.255.250","SSDP","179","M-SEARCH * HTTP/1.1 "
"415","655.793570","127.0.0.1","239.255.255.250","SSDP","179","M-SEARCH * HTTP/1.1 "
"416","658.682858","0.0.0.0","255.255.255.255","DHCP","342","DHCP Discover - Transaction ID 0xcabab530"
"417","658.682974","0.0.0.0","255.255.255.255","DHCP","342","DHCP Discover - Transaction ID 0xcabab530"
"418","658.793812","169.254.11.144","239.255.255.250","SSDP","179","M-SEARCH * HTTP/1.1 "
"419","658.793946","169.254.11.144","239.255.255.250","SSDP","179","M-SEARCH * HTTP/1.1 "
"420","658.794059","10.10.62.44","239.255.255.250","SSDP","179","M-SEARCH * HTTP/1.1 "
"421","658.794143","127.0.0.1","239.255.255.250","SSDP","179","M-SEARCH * HTTP/1.1 "
"422","661.794084","169.254.11.144","239.255.255.250","SSDP","179","M-SEARCH * HTTP/1.1 "
"423","661.794212","169.254.11.144","239.255.255.250","SSDP","179","M-SEARCH * HTTP/1.1 "
"424","661.794323","10.10.62.44","239.255.255.250","SSDP","179","M-SEARCH * HTTP/1.1 "
"425","661.794404","127.0.0.1","239.255.255.250","SSDP","179","M-SEARCH * HTTP/1.1 "
"426","673.809172","0.0.0.0","255.255.255.255","DHCP","342","DHCP Discover - Transaction ID 0xcabab530"
"427","673.809290","0.0.0.0","255.255.255.255","DHCP","342","DHCP Discover - Transaction ID 0xcabab530"
"428","706.824006","169.254.11.144","239.255.255.250","SSDP","179","M-SEARCH * HTTP/1.1 "
"429","706.824156","10.10.62.44","239.255.255.250","SSDP","179","M-SEARCH * HTTP/1.1 "
"430","706.824296","127.0.0.1","239.255.255.250","SSDP","179","M-SEARCH * HTTP/1.1 "
"431","709.824461","169.254.11.144","239.255.255.250","SSDP","179","M-SEARCH * HTTP/1.1 "
"432","709.824536","10.10.62.44","239.255.255.250","SSDP","179","M-SEARCH * HTTP/1.1 "
"433","709.824612","127.0.0.1","239.255.255.250","SSDP","179","M-SEARCH * HTTP/1.1 "
"434","712.824767","169.254.11.144","239.255.255.250","SSDP","179","M-SEARCH * HTTP/1.1 "
"435","712.824872","10.10.62.44","239.255.255.250","SSDP","179","M-SEARCH * HTTP/1.1 "
"436","712.824991","127.0.0.1","239.255.255.250","SSDP","179","M-SEARCH * HTTP/1.1 "
"437","715.841750","169.254.11.144","239.255.255.250","SSDP","179","M-SEARCH * HTTP/1.1 "
"438","715.841848","10.10.62.44","239.255.255.250","SSDP","179","M-SEARCH * HTTP/1.1 "
"439","715.841954","127.0.0.1","239.255.255.250","SSDP","179","M-SEARCH * HTTP/1.1 "
"440","718.842361","169.254.11.144","239.255.255.250","SSDP","179","M-SEARCH * HTTP/1.1 "
"441","718.842459","10.10.62.44","239.255.255.250","SSDP","179","M-SEARCH * HTTP/1.1 "
"442","718.842535","127.0.0.1","239.255.255.250","SSDP","179","M-SEARCH * HTTP/1.1 "
"443","720.007283","169.254.11.144","239.255.255.250","SSDP","216","M-SEARCH * HTTP/1.1 "
"444","720.007415","10.10.62.44","239.255.255.250","SSDP","216","M-SEARCH * HTTP/1.1 "
"445","721.009061","169.254.11.144","239.255.255.250","SSDP","216","M-SEARCH * HTTP/1.1 "
"446","721.009145","10.10.62.44","239.255.255.250","SSDP","216","M-SEARCH * HTTP/1.1 "
"447","721.842562","169.254.11.144","239.255.255.250","SSDP","179","M-SEARCH * HTTP/1.1 "
"448","721.842649","10.10.62.44","239.255.255.250","SSDP","179","M-SEARCH * HTTP/1.1 "
"449","721.842731","127.0.0.1","239.255.255.250","SSDP","179","M-SEARCH * HTTP/1.1 "
"450","722.010474","169.254.11.144","239.255.255.250","SSDP","216","M-SEARCH * HTTP/1.1 "
"451","722.010576","10.10.62.44","239.255.255.250","SSDP","216","M-SEARCH * HTTP/1.1 "
"452","723.011897","169.254.11.144","239.255.255.250","SSDP","216","M-SEARCH * HTTP/1.1 "
"453","723.011992","10.10.62.44","239.255.255.250","SSDP","216","M-SEARCH * HTTP/1.1 "
"454","804.654062","169.254.11.144","169.254.255.255","BROWSER","243","Local Master Announcement HP, Workstation, Server, SQL Server, NT Workstation, Potential Browser, Master Browser"
"455","804.654288","10.10.62.44","10.10.63.255","BROWSER","243","Host Announcement HP, Workstation, Server, SQL Server, NT Workstation, Potential Browser"
"456","812.116058","169.254.11.144","169.254.255.255","BROWSER","243","Local Master Announcement HP, Workstation, Server, SQL Server, NT Workstation, Potential Browser, Master Browser"
"457","812.116191","10.10.62.44","10.10.63.255","BROWSER","243","Host Announcement HP, Workstation, Server, SQL Server, NT Workstation, Potential Browser"
"458","840.008357","169.254.11.144","239.255.255.250","SSDP","216","M-SEARCH * HTTP/1.1 "
"459","840.008481","10.10.62.44","239.255.255.250","SSDP","216","M-SEARCH * HTTP/1.1 "
"460","841.010094","169.254.11.144","239.255.255.250","SSDP","216","M-SEARCH * HTTP/1.1 "
"461","841.010183","10.10.62.44","239.255.255.250","SSDP","216","M-SEARCH * HTTP/1.1 "
"462","842.011499","169.254.11.144","239.255.255.250","SSDP","216","M-SEARCH * HTTP/1.1 "
"463","842.011593","10.10.62.44","239.255.255.250","SSDP","216","M-SEARCH * HTTP/1.1 "
"464","843.012934","169.254.11.144","239.255.255.250","SSDP","216","M-SEARCH * HTTP/1.1 "
"465","843.013039","10.10.62.44","239.255.255.250","SSDP","216","M-SEARCH * HTTP/1.1 "
"466","888.928581","10.10.62.44","10.10.63.255","BROWSER","227","Browser Election Request"
"467","890.399685","10.10.62.44","10.10.63.255","BROWSER","227","Browser Election Request"
"468","960.009407","169.254.11.144","239.255.255.250","SSDP","216","M-SEARCH * HTTP/1.1 "
"469","960.009530","10.10.62.44","239.255.255.250","SSDP","216","M-SEARCH * HTTP/1.1 "
"470","961.011132","169.254.11.144","239.255.255.250","SSDP","216","M-SEARCH * HTTP/1.1 "
"471","961.011221","10.10.62.44","239.255.255.250","SSDP","216","M-SEARCH * HTTP/1.1 "
"472","962.012558","169.254.11.144","239.255.255.250","SSDP","216","M-SEARCH * HTTP/1.1 "
"473","962.012656","10.10.62.44","239.255.255.250","SSDP","216","M-SEARCH * HTTP/1.1 "
"474","963.013987","169.254.11.144","239.255.255.250","SSDP","216","M-SEARCH * HTTP/1.1 "
"475","963.014080","10.10.62.44","239.255.255.250","SSDP","216","M-SEARCH * HTTP/1.1 "
"476","1009.797869","0.0.0.0","255.255.255.255","DHCP","342","DHCP Discover - Transaction ID 0x435596ff"
"477","1009.798079","0.0.0.0","255.255.255.255","DHCP","342","DHCP Discover - Transaction ID 0x435596ff"
"478","1013.188180","0.0.0.0","255.255.255.255","DHCP","342","DHCP Discover - Transaction ID 0x435596ff"
"479","1013.188307","0.0.0.0","255.255.255.255","DHCP","342","DHCP Discover - Transaction ID 0x435596ff"
"480","1018.086343","0.0.0.0","255.255.255.255","DHCP","342","DHCP Discover - Transaction ID 0x435596ff"
"481","1018.086462","0.0.0.0","255.255.255.255","DHCP","342","DHCP Discover - Transaction ID 0x435596ff"
"482","1026.043778","0.0.0.0","255.255.255.255","DHCP","342","DHCP Discover - Transaction ID 0x435596ff"
"483","1026.043877","0.0.0.0","255.255.255.255","DHCP","342","DHCP Discover - Transaction ID 0x435596ff"
"484","1042.510303","0.0.0.0","255.255.255.255","DHCP","342","DHCP Discover - Transaction ID 0x435596ff"
"485","1042.510406","0.0.0.0","255.255.255.255","DHCP","342","DHCP Discover - Transaction ID 0x435596ff"
"486","1055.422844","10.10.62.44","224.0.0.251","IGMPv2","46","Membership Report group 224.0.0.251"
"487","1074.449013","0.0.0.0","255.255.255.255","DHCP","342","DHCP Discover - Transaction ID 0xa3a104c9"
"488","1074.449111","0.0.0.0","255.255.255.255","DHCP","342","DHCP Discover - Transaction ID 0xa3a104c9"
"489","1074.475627","169.254.11.144","239.255.255.250","SSDP","179","M-SEARCH * HTTP/1.1 "
"490","1074.475857","169.254.11.144","239.255.255.250","SSDP","179","M-SEARCH * HTTP/1.1 "
"491","1074.476046","10.10.62.44","239.255.255.250","SSDP","179","M-SEARCH * HTTP/1.1 "
"492","1074.476194","127.0.0.1","239.255.255.250","SSDP","179","M-SEARCH * HTTP/1.1 "
"493","1077.476218","169.254.11.144","239.255.255.250","SSDP","179","M-SEARCH * HTTP/1.1 "
"494","1077.476340","169.254.11.144","239.255.255.250","SSDP","179","M-SEARCH * HTTP/1.1 "
"495","1077.476450","10.10.62.44","239.255.255.250","SSDP","179","M-SEARCH * HTTP/1.1 "
"496","1077.476553","127.0.0.1","239.255.255.250","SSDP","179","M-SEARCH * HTTP/1.1 "
"497","1078.938374","0.0.0.0","255.255.255.255","DHCP","342","DHCP Discover - Transaction ID 0xa3a104c9"
"498","1078.938484","0.0.0.0","255.255.255.255","DHCP","342","DHCP Discover - Transaction ID 0xa3a104c9"
"499","1080.010449","169.254.11.144","239.255.255.250","SSDP","216","M-SEARCH * HTTP/1.1 "
"500","1080.010575","169.254.11.144","239.255.255.250","SSDP","216","M-SEARCH * HTTP/1.1 "
"501","1080.010719","10.10.62.44","239.255.255.250","SSDP","216","M-SEARCH * HTTP/1.1 "
"502","1080.476509","169.254.11.144","239.255.255.250","SSDP","179","M-SEARCH * HTTP/1.1 "
"503","1080.476649","169.254.11.144","239.255.255.250","SSDP","179","M-SEARCH * HTTP/1.1 "
"504","1080.476759","10.10.62.44","239.255.255.250","SSDP","179","M-SEARCH * HTTP/1.1 "
"505","1080.476865","127.0.0.1","239.255.255.250","SSDP","179","M-SEARCH * HTTP/1.1 "
"506","1081.012182","169.254.11.144","239.255.255.250","SSDP","216","M-SEARCH * HTTP/1.1 "
"507","1081.012321","169.254.11.144","239.255.255.250","SSDP","216","M-SEARCH * HTTP/1.1 "
"508","1081.012440","10.10.62.44","239.255.255.250","SSDP","216","M-SEARCH * HTTP/1.1 "
"509","1082.013616","169.254.11.144","239.255.255.250","SSDP","216","M-SEARCH * HTTP/1.1 "
"510","1082.013754","169.254.11.144","239.255.255.250","SSDP","216","M-SEARCH * HTTP/1.1 "
"511","1082.013865","10.10.62.44","239.255.255.250","SSDP","216","M-SEARCH * HTTP/1.1 "
"512","1083.015038","169.254.11.144","239.255.255.250","SSDP","216","M-SEARCH * HTTP/1.1 "
"513","1083.015171","169.254.11.144","239.255.255.250","SSDP","216","M-SEARCH * HTTP/1.1 "
"514","1083.015312","10.10.62.44","239.255.255.250","SSDP","216","M-SEARCH * HTTP/1.1 "
"515","1083.491599","169.254.11.144","239.255.255.250","SSDP","179","M-SEARCH * HTTP/1.1 "
"516","1083.491725","169.254.11.144","239.255.255.250","SSDP","179","M-SEARCH * HTTP/1.1 "
"517","1083.491831","10.10.62.44","239.255.255.250","SSDP","179","M-SEARCH * HTTP/1.1 "
"518","1083.491933","127.0.0.1","239.255.255.250","SSDP","179","M-SEARCH * HTTP/1.1 "
"519","1086.492024","169.254.11.144","239.255.255.250","SSDP","179","M-SEARCH * HTTP/1.1 "
"520","1086.492149","169.254.11.144","239.255.255.250","SSDP","179","M-SEARCH * HTTP/1.1 "
"521","1086.492255","10.10.62.44","239.255.255.250","SSDP","179","M-SEARCH * HTTP/1.1 "
"522","1086.492332","127.0.0.1","239.255.255.250","SSDP","179","M-SEARCH * HTTP/1.1 "
"523","1087.833275","0.0.0.0","255.255.255.255","DHCP","342","DHCP Discover - Transaction ID 0xa3a104c9"
"524","1087.833391","0.0.0.0","255.255.255.255","DHCP","342","DHCP Discover - Transaction ID 0xa3a104c9"
"525","1089.492322","169.254.11.144","239.255.255.250","SSDP","179","M-SEARCH * HTTP/1.1 "
"526","1089.492462","169.254.11.144","239.255.255.250","SSDP","179","M-SEARCH * HTTP/1.1 "
"527","1089.492575","10.10.62.44","239.255.255.250","SSDP","179","M-SEARCH * HTTP/1.1 "
"528","1089.492681","127.0.0.1","239.255.255.250","SSDP","179","M-SEARCH * HTTP/1.1 "
"529","1104.788519","0.0.0.0","255.255.255.255","DHCP","342","DHCP Discover - Transaction ID 0xa3a104c9"
"530","1104.788617","0.0.0.0","255.255.255.255","DHCP","342","DHCP Discover - Transaction ID 0xa3a104c9"
"531","1136.717068","169.254.11.144","239.255.255.250","SSDP","179","M-SEARCH * HTTP/1.1 "
"532","1136.717233","10.10.62.44","239.255.255.250","SSDP","179","M-SEARCH * HTTP/1.1 "
"533","1136.717374","127.0.0.1","239.255.255.250","SSDP","179","M-SEARCH * HTTP/1.1 "
"534","1139.717461","169.254.11.144","239.255.255.250","SSDP","179","M-SEARCH * HTTP/1.1 "
"535","1139.717564","10.10.62.44","239.255.255.250","SSDP","179","M-SEARCH * HTTP/1.1 "
"536","1139.717663","127.0.0.1","239.255.255.250","SSDP","179","M-SEARCH * HTTP/1.1 "
"537","1142.717734","169.254.11.144","239.255.255.250","SSDP","179","M-SEARCH * HTTP/1.1 "
"538","1142.717839","10.10.62.44","239.255.255.250","SSDP","179","M-SEARCH * HTTP/1.1 "
"539","1142.717941","127.0.0.1","239.255.255.250","SSDP","179","M-SEARCH * HTTP/1.1 "
"540","1145.732567","169.254.11.144","239.255.255.250","SSDP","179","M-SEARCH * HTTP/1.1 "
"541","1145.732669","10.10.62.44","239.255.255.250","SSDP","179","M-SEARCH * HTTP/1.1 "
"542","1145.732766","127.0.0.1","239.255.255.250","SSDP","179","M-SEARCH * HTTP/1.1 "
"543","1148.733281","169.254.11.144","239.255.255.250","SSDP","179","M-SEARCH * HTTP/1.1 "
"544","1148.733391","10.10.62.44","239.255.255.250","SSDP","179","M-SEARCH * HTTP/1.1 "
"545","1148.733472","127.0.0.1","239.255.255.250","SSDP","179","M-SEARCH * HTTP/1.1 "
"546","1151.733563","169.254.11.144","239.255.255.250","SSDP","179","M-SEARCH * HTTP/1.1 "
"547","1151.733672","10.10.62.44","239.255.255.250","SSDP","179","M-SEARCH * HTTP/1.1 "
"548","1151.733775","127.0.0.1","239.255.255.250","SSDP","179","M-SEARCH * HTTP/1.1 "
"549","1200.011768","169.254.11.144","239.255.255.250","SSDP","216","M-SEARCH * HTTP/1.1 "
"550","1200.011921","10.10.62.44","239.255.255.250","SSDP","216","M-SEARCH * HTTP/1.1 "
"551","1201.012581","169.254.11.144","239.255.255.250","SSDP","216","M-SEARCH * HTTP/1.1 "
"552","1201.012671","10.10.62.44","239.255.255.250","SSDP","216","M-SEARCH * HTTP/1.1 "
"553","1202.013148","169.254.11.144","239.255.255.250","SSDP","216","M-SEARCH * HTTP/1.1 "
"554","1202.013281","10.10.62.44","239.255.255.250","SSDP","216","M-SEARCH * HTTP/1.1 "
"555","1203.013290","169.254.11.144","239.255.255.250","SSDP","216","M-SEARCH * HTTP/1.1 "
"556","1203.013394","10.10.62.44","239.255.255.250","SSDP","216","M-SEARCH * HTTP/1.1 "
"557","1230.719988","10.10.62.44","10.10.63.255","BROWSER","227","Browser Election Request"
"558","1231.720056","10.10.62.44","10.10.63.255","BROWSER","227","Browser Election Request"
"559","1232.720967","10.10.62.44","10.10.63.255","BROWSER","227","Browser Election Request"
"560","1238.250507","169.254.11.144","169.254.255.255","BROWSER","243","Local Master Announcement HP, Workstation, Server, SQL Server, NT Workstation, Potential Browser, Master Browser"
"561","1238.250641","10.10.62.44","10.10.63.255","BROWSER","243","Host Announcement HP, Workstation, Server, SQL Server, NT Workstation, Potential Browser"
"562","1246.084366","169.254.11.144","169.254.255.255","BROWSER","245","Domain/Workgroup Announcement WORKGROUP, NT Workstation, Domain Enum"
"563","1320.014542","169.254.11.144","239.255.255.250","SSDP","216","M-SEARCH * HTTP/1.1 "
"564","1320.014646","10.10.62.44","239.255.255.250","SSDP","216","M-SEARCH * HTTP/1.1 "
"565","1321.015762","169.254.11.144","239.255.255.250","SSDP","216","M-SEARCH * HTTP/1.1 "
"566","1321.015867","10.10.62.44","239.255.255.250","SSDP","216","M-SEARCH * HTTP/1.1 "
"567","1322.015927","169.254.11.144","239.255.255.250","SSDP","216","M-SEARCH * HTTP/1.1 "
"568","1322.016040","10.10.62.44","239.255.255.250","SSDP","216","M-SEARCH * HTTP/1.1 "
"569","1323.017538","169.254.11.144","239.255.255.250","SSDP","216","M-SEARCH * HTTP/1.1 "
"570","1323.017705","10.10.62.44","239.255.255.250","SSDP","216","M-SEARCH * HTTP/1.1 "
"571","1414.851182","169.254.11.144","169.254.255.255","BROWSER","243","Local Master Announcement HP, Workstation, Server, SQL Server, NT Workstation, Potential Browser, Master Browser"
"572","1414.851348","10.10.62.44","10.10.63.255","BROWSER","243","Host Announcement HP, Workstation, Server, SQL Server, NT Workstation, Potential Browser"
"573","1440.014161","169.254.11.144","239.255.255.250","SSDP","216","M-SEARCH * HTTP/1.1 "
"574","1440.014280","10.10.62.44","239.255.255.250","SSDP","216","M-SEARCH * HTTP/1.1 "
"575","1441.014638","169.254.11.144","239.255.255.250","SSDP","216","M-SEARCH * HTTP/1.1 "
"576","1441.014752","10.10.62.44","239.255.255.250","SSDP","216","M-SEARCH * HTTP/1.1 "
"577","1442.015641","169.254.11.144","239.255.255.250","SSDP","216","M-SEARCH * HTTP/1.1 "
"578","1442.015739","10.10.62.44","239.255.255.250","SSDP","216","M-SEARCH * HTTP/1.1 "
"579","1443.017089","169.254.11.144","239.255.255.250","SSDP","216","M-SEARCH * HTTP/1.1 "
"580","1443.017216","10.10.62.44","239.255.255.250","SSDP","216","M-SEARCH * HTTP/1.1 "
"581","1443.688432","0.0.0.0","255.255.255.255","DHCP","342","DHCP Discover - Transaction ID 0x7dfd1466"
"582","1443.688640","0.0.0.0","255.255.255.255","DHCP","342","DHCP Discover - Transaction ID 0x7dfd1466"
"583","1447.321204","0.0.0.0","255.255.255.255","DHCP","342","DHCP Discover - Transaction ID 0x7dfd1466"
"584","1447.321329","0.0.0.0","255.255.255.255","DHCP","342","DHCP Discover - Transaction ID 0x7dfd1466"
"585","1451.733803","0.0.0.0","255.255.255.255","DHCP","342","DHCP Discover - Transaction ID 0x7dfd1466"
"586","1451.733918","0.0.0.0","255.255.255.255","DHCP","342","DHCP Discover - Transaction ID 0x7dfd1466"
"587","1460.523557","0.0.0.0","255.255.255.255","DHCP","342","DHCP Discover - Transaction ID 0x7dfd1466"
"588","1460.523687","0.0.0.0","255.255.255.255","DHCP","342","DHCP Discover - Transaction ID 0x7dfd1466"
"589","1476.489684","0.0.0.0","255.255.255.255","DHCP","342","DHCP Discover - Transaction ID 0x7dfd1466"
"590","1476.489814","0.0.0.0","255.255.255.255","DHCP","342","DHCP Discover - Transaction ID 0x7dfd1466"
